{"stats":{"minecraft:picked_up":{"minecraft:birch_sapling":1},"minecraft:used":{"immersive_aircraft:quadrocopter":1,"immersive_aircraft:biplane":1,"minecraft:grass_block":12},"minecraft:custom":{"minecraft:jump":43,"minecraft:time_since_rest":10413,"minecraft:crouch_one_cm":189,"minecraft:leave_game":1,"minecraft:sprint_one_cm":5286,"minecraft:play_time":10413,"minecraft:walk_on_water_one_cm":699,"minecraft:time_since_death":10413,"minecraft:walk_one_cm":6780,"minecraft:sneak_time":763,"minecraft:total_world_time":11397,"minecraft:walk_under_water_one_cm":1413,"minecraft:fly_one_cm":103172}},"DataVersion":3465}