{
  "butcher:firstjoinadvancement": {
    "criteria": {
      "firstjoinadvancement_0": "2024-10-08 12:59:12 +0000"
    },
    "done": true
  },
  "create:root": {
    "criteria": {
      "0": "2024-10-08 12:59:12 +0000"
    },
    "done": true
  },
  "vs_eureka:recipes/balloon_color": {
    "criteria": {
      "has_red_balloon": "2024-10-08 12:59:12 +0000",
      "has_black_balloon": "2024-10-08 12:59:12 +0000",
      "has_lime_balloon": "2024-10-08 12:59:12 +0000",
      "has_cyan_balloon": "2024-10-08 12:59:12 +0000",
      "has_light_blue_balloon": "2024-10-08 12:59:12 +0000",
      "has_gray_balloon": "2024-10-08 12:59:12 +0000",
      "has_pink_balloon": "2024-10-08 12:59:12 +0000",
      "has_light_gray_balloon": "2024-10-08 12:59:12 +0000",
      "has_white_balloon": "2024-10-08 12:59:12 +0000",
      "has_blue_balloon": "2024-10-08 12:59:12 +0000",
      "has_yellow_balloon": "2024-10-08 12:59:12 +0000",
      "has_purple_balloon": "2024-10-08 12:59:12 +0000",
      "has_orange_balloon": "2024-10-08 12:59:12 +0000",
      "has_brown_balloon": "2024-10-08 12:59:12 +0000",
      "has_green_balloon": "2024-10-08 12:59:12 +0000",
      "has_magenta_balloon": "2024-10-08 12:59:12 +0000"
    },
    "done": true
  },
  "vs_eureka:recipes/balloon_leather": {
    "criteria": {
      "has_leather": "2024-10-08 12:59:12 +0000"
    },
    "done": true
  },
  "vs_eureka:recipes/ship_helm": {
    "criteria": {
      "has_gold": "2024-10-08 12:59:12 +0000"
    },
    "done": true
  },
  "vs_eureka:recipes/balloon_paper": {
    "criteria": {
      "has_paper": "2024-10-08 12:59:12 +0000"
    },
    "done": true
  },
  "vs_eureka:recipes/balloon_membrane": {
    "criteria": {
      "has_membrane": "2024-10-08 12:59:12 +0000"
    },
    "done": true
  },
  "farmersdelight:main/root": {
    "criteria": {
      "seeds": "2024-10-08 12:59:12 +0000"
    },
    "done": true
  },
  "minecraft:recipes/decorations/crafting_table": {
    "criteria": {
      "unlock_right_away": "2024-10-08 12:59:13 +0000"
    },
    "done": true
  },
  "parcool:grant_parcool_guide": {
    "criteria": {
      "tick": "2024-10-08 12:59:13 +0000"
    },
    "done": true
  },
  "tombstone:adventure/root": {
    "criteria": {
      "auto": "2024-10-08 12:59:18 +0000"
    },
    "done": true
  },
  "minecraft:adventure/adventuring_time": {
    "criteria": {
      "minecraft:snowy_slopes": "2024-10-08 13:01:01 +0000",
      "minecraft:cherry_grove": "2024-10-08 13:00:22 +0000",
      "minecraft:river": "2024-10-08 18:19:39 +0000",
      "minecraft:jagged_peaks": "2024-10-08 18:20:37 +0000",
      "minecraft:forest": "2024-10-08 18:19:25 +0000",
      "minecraft:frozen_peaks": "2024-10-08 13:01:05 +0000",
      "minecraft:old_growth_birch_forest": "2024-10-08 18:19:17 +0000",
      "minecraft:meadow": "2024-10-08 18:19:41 +0000",
      "minecraft:plains": "2024-10-08 12:59:18 +0000"
    },
    "done": false
  },
  "DataVersion": 3465
}